state,subregion,elevation_(m),month,avg_24-hour_temperature,avg_day_temp,avg_night_temp,et0
AL,none,120.57142857142857,1,6.989669738863291,8.760434956105348,5.3473538119911215,49.55200111190048
AL,none,120.57142857142857,2,9.671747448979596,11.595875850340132,7.747619047619047,61.72539041208917
AL,none,120.57142857142857,3,13.170132488479267,15.261557788944724,10.764388934764657,97.46332535686459
AL,none,120.57142857142857,4,17.63146825396823,19.97146266621207,14.374133839582338,124.91181007076662
AL,none,120.57142857142857,5,22.243164362519202,24.006785714285737,19.386594567404423,144.11338435810487
AL,none,120.57142857142857,6,24.814156746031728,26.497666666666653,22.008306878306875,146.8765816501436
AL,none,120.57142857142857,7,26.220487711213526,27.894763988746494,23.554479840716752,145.99516570743285
AL,none,120.57142857142857,8,25.51325844854073,27.506221198156684,22.723110599078336,138.5390124840714
AL,none,120.57142857142857,9,23.66321428571428,25.764668367346914,21.151720383275276,119.13833028365597
AL,none,120.57142857142857,10,17.30250576036868,20.035437430786263,14.339915966386556,94.17720791296361
AL,none,120.57142857142857,11,13.265634920634906,15.802452667814118,11.0949558173785,65.46720838872685
AL,none,120.57142857142857,12,7.834101382488479,9.832572266443236,6.143087557603687,52.757751145320924
AR,none,213.72222222222223,1,3.5271580047789746,5.096448354512872,2.1992969396195194,41.02784960709042
AR,none,213.72222222222223,2,6.156274801587306,7.961811811811806,4.382694198623401,54.25204496482906
AR,none,213.72222222222223,3,9.450164277180402,11.250701320132007,7.31070261437909,86.61438726080982
AR,none,213.72222222222223,4,15.998973765432094,17.75820105820107,13.536055555555562,119.61429899095337
AR,none,213.72222222222223,5,20.60929659498209,22.37307692307692,17.83241061130333,136.8334727420303
AR,none,213.72222222222223,6,24.3575,26.03476121910246,21.33581928231733,149.7325664417518
AR,none,213.72222222222223,7,26.623872461170855,28.48737156511351,23.51804062126642,167.27588881461344
AR,none,213.72222222222223,8,26.671393369175647,28.838148148148136,23.354931972789117,163.20145455192196
AR,none,213.72222222222223,9,23.943487654321,26.340906578220018,20.912788259958067,126.06935691583568
AR,none,213.72222222222223,10,15.900448028673825,18.26108124253285,13.53981481481481,81.21757141645672
AR,none,213.72222222222223,11,10.330964506172831,12.153245942571788,8.5487332112332,58.86983251279861
AR,none,213.72222222222223,12,4.319003882915176,6.333862433862434,2.6597086056644876,46.57906652449514
AZ,none,468.8,1,13.077567204301086,15.947565982404683,10.64910669975186,99.88707307613562
AZ,none,468.8,2,13.268244047619042,15.917134146341473,10.742558139534887,101.2064300059102
AZ,none,468.8,3,16.53807795698926,18.865273631840797,13.802602339181277,151.31119329019802
AZ,none,468.8,4,22.130847222222236,24.756450839328544,18.51739273927393,221.35202937938635
AZ,none,468.8,5,26.554852150537645,28.948709677419355,22.56508960573477,275.627901277484
AZ,none,468.8,6,31.461236111111095,33.83720000000001,27.501296296296292,296.7284978132986
AZ,none,468.8,7,33.18723118279572,35.108623655913966,29.98491039426523,299.75551710944166
AZ,none,468.8,8,32.37490591397849,34.30131578947369,29.324756944444452,257.5079637120556
AZ,none,468.8,9,29.909027777777762,32.48210256410252,26.86812121212122,219.54550353587692
AZ,none,468.8,10,22.213064516129027,24.91726098191213,19.281624649859925,162.306337479761
AZ,none,468.8,11,16.40218055555556,19.29824207492794,13.707989276139413,115.36002073596812
AZ,none,468.8,12,11.72419354838711,14.8444705882353,9.098217821782175,85.14107042089601
CA,none,141.32835820895522,1,9.977617958594127,12.077866163687062,7.9658012568735215,58.84788296178747
CA,none,141.32835820895522,2,11.244136460554353,13.26735905044511,9.208834929828464,68.34327411329468
CA,none,141.32835820895522,3,13.347237602311017,15.40041062629438,10.714641516344656,102.40106263757421
CA,none,141.32835820895522,4,15.377124792703139,17.590803127221044,12.277975124378116,137.91550012058403
CA,none,141.32835820895522,5,18.30527603915905,20.14452838267677,14.799201259328353,174.36882539442826
CA,none,141.32835820895522,6,21.047137230514082,22.89988805970147,17.34163557213931,193.62425488531352
CA,none,141.32835820895522,7,22.821673888621405,24.636606441476818,19.235367164179102,199.0270238482411
CA,none,141.32835820895522,8,22.865067806130625,25.132426420811694,19.12917087162054,186.9289850307102
CA,none,141.32835820895522,9,21.465111940298502,23.92929463260621,18.093072466614295,147.23272312378543
CA,none,141.32835820895522,10,17.007344326753365,19.279070811356767,14.380043261951121,104.3469270785706
CA,none,141.32835820895522,11,12.85150497512439,15.474409203980098,10.556463774875622,70.9729344341312
CA,none,141.32835820895522,12,10.349478414379709,12.66146180860403,8.403749815280031,58.95924186198401
CT,none,60.57142857142857,1,-2.8949308755760383,-1.6761598530087274,-3.7703068294292326,31.180948265423726
CT,none,60.57142857142857,2,-0.5041028911564629,0.7413327526132403,-1.691611295681064,39.548458013011796
CT,none,60.57142857142857,3,3.625460829493087,5.19937728937729,1.891485068603711,58.298780088196565
CT,none,60.57142857142857,4,9.247281746031762,10.813431305536577,7.0795648060548695,89.27679118228752
CT,none,60.57142857142857,5,14.028840245775726,15.588151804998455,11.459583121504824,113.63635613662595
CT,none,60.57142857142857,6,19.37982142857142,20.76699819168173,16.706968641114972,127.50835877141296
CT,none,60.57142857142857,7,21.95094086021508,23.320787172011677,19.308323959505064,141.2905460376605
CT,none,60.57142857142857,8,21.505856374808,23.142115446630108,19.097674418604647,121.29089481571629
CT,none,60.57142857142857,9,17.730039682539694,19.32404702529391,15.726287505597874,84.5940886832097
CT,none,60.57142857142857,10,11.694873271889412,13.54546893549663,9.95057814248414,61.89851000188251
CT,none,60.57142857142857,11,7.696825396825409,9.269753086419746,6.409884559884556,50.26403414776042
CT,none,60.57142857142857,12,1.5272465437788048,2.8651260504201703,0.5925636007827778,34.33599352900578
DE,none,15.0,1,-0.6596774193548388,0.41987179487179677,-1.43935185185185,35.807730223042704
DE,none,15.0,2,2.009970238095239,3.7306291390728488,0.6055405405405423,46.53259730745453
DE,none,15.0,3,5.593212365591393,7.46926020408163,3.503977272727275,78.12386409006906
DE,none,15.0,4,11.663819444444446,13.740052356020954,9.3173076923077,98.69994486784893
DE,none,15.0,5,16.63393817204302,18.30973451327435,14.039897260273966,136.1358935593379
DE,none,15.0,6,22.610694444444427,24.152467811158786,19.782086614173227,156.68076412680344
DE,none,15.0,7,24.73151881720431,26.15724789915969,22.199253731343298,146.870709809193
DE,none,15.0,8,23.033131720430106,24.761264367816093,20.600323624595465,132.14375726922967
DE,none,15.0,9,19.038958333333326,21.177851458885947,16.68804664723031,97.2895145299676
DE,none,15.0,10,13.38682795698923,15.892499999999995,11.037760416666679,89.81313086066568
DE,none,15.0,11,6.379861111111116,8.43028391167192,4.7669975186104185,56.29117482636506
DE,none,15.0,12,2.297715053763439,3.9710526315789445,1.1415909090909067,46.37379079653073
FL,north,17.655172413793103,1,12.975222469410465,15.134371224091455,10.827650919848384,70.36727123237492
FL,north,17.655172413793103,2,14.889891215106724,16.689778664386797,12.77546032808838,76.230526099704
FL,north,17.655172413793103,3,17.272075454208377,19.026060056096348,15.023101332769192,108.80781358344493
FL,north,17.655172413793103,4,20.63330938697317,22.452747341282624,17.966461974492205,135.5360064347051
FL,north,17.655172413793103,5,24.48426028921024,25.906718438301507,21.83629973474802,159.4621070732843
FL,north,17.655172413793103,6,26.30600095785445,27.505727767695124,23.979999999999986,146.61603447232312
FL,north,17.655172413793103,7,27.308727289580983,28.57368611291837,25.048857032158082,150.21846316357826
FL,north,17.655172413793103,8,26.802725250278122,28.230124199645136,24.654417740624645,140.18012064553844
FL,north,17.655172413793103,9,25.67691091954022,27.105596247222472,23.688142971703535,121.3968997782457
FL,north,17.655172413793103,10,22.176056729699667,24.123456896551744,19.91163793103447,110.68018768992307
FL,north,17.655172413793103,11,18.13484674329501,20.32492337164751,15.944770114942548,82.55302005609674
FL,north,17.655172413793103,12,14.135173340748956,16.029407937540686,12.251095497827498,65.45705682861731
FL,south,4.769230769230769,1,18.95582092638545,20.963714285714282,17.17215931276845,93.4503025109701
FL,south,4.769230769230769,2,19.81412545787546,21.597260574183665,17.864342199856218,101.09677466375663
FL,south,4.769230769230769,3,22.14145988420182,23.699541897308666,20.3000902323483,135.5409767434196
FL,south,4.769230769230769,4,23.482040598290588,25.074416811258946,21.502731847591644,156.71225633812304
FL,south,4.769230769230769,5,26.1833953680728,27.47752673335633,24.246541042849763,172.0590677065708
FL,south,4.769230769230769,6,27.30387820512818,28.333177408177423,25.648049052396868,143.76835936430382
FL,south,4.769230769230769,7,28.26680107526885,29.40075250836123,26.43011917659806,160.04844872915055
FL,south,4.769230769230769,8,28.14185277088501,29.404629967189223,26.486908743430494,149.33767658448787
FL,south,4.769230769230769,9,27.272435897435905,28.586711489025113,25.72786428073437,123.59564907131083
FL,south,4.769230769230769,10,25.621236559139795,27.166975432944028,23.99009774755631,123.81204073598485
FL,south,4.769230769230769,11,22.948899572649562,24.485170940170924,21.4126282051282,102.92476741176682
FL,south,4.769230769230769,12,19.68135856079401,21.590627763041574,18.003515928515935,86.84759586925388
GA,none,125.94736842105263,1,7.333906338426711,9.251631143975631,5.506782704793478,54.60344963097721
GA,none,125.94736842105263,2,10.270786340852132,12.21694263749261,8.078281145902734,67.51925263366887
GA,none,125.94736842105263,3,13.05507215619695,14.885994647636036,10.770567657815231,98.59414796680684
GA,none,125.94736842105263,4,17.649597953216364,19.659841384282615,14.527304964539013,125.417187732023
GA,none,125.94736842105263,5,22.481635540464065,24.36671194114318,19.339841539332213,154.94014554778278
GA,none,125.94736842105263,6,25.245219298245573,26.76473910097131,22.457438872772496,148.18105044180254
GA,none,125.94736842105263,7,26.600976230899843,28.125412578055304,23.955630804953575,154.4465893172014
GA,none,125.94736842105263,8,26.136254951895907,27.75862541386002,23.49345359866096,143.92376860626345
GA,none,125.94736842105263,9,23.723501461988327,25.53490712074301,21.35474021592442,109.9767373285687
GA,none,125.94736842105263,10,17.701209677419367,20.40803827751196,14.798343351414744,97.22039062454623
GA,none,125.94736842105263,11,12.628377192982466,14.80215243992334,10.490532115412503,63.033258846140306
GA,none,125.94736842105263,12,7.6086941143180535,9.869061784897033,5.654240865321198,50.7944229367813
IA,none,320.20512820512823,1,-5.790353598014887,-4.7715916197623525,-6.593608234714002,22.851490569270627
IA,none,320.20512820512823,2,-4.055475427350431,-2.772007889546351,-5.257570383506987,25.927518588409175
IA,none,320.20512820512823,3,4.066735594154952,5.761348528015192,2.042198018304212,63.88639680670822
IA,none,320.20512820512823,4,10.944305555555564,12.51454195257013,8.669065061922208,92.95290067148787
IA,none,320.20512820512823,5,15.686703887510319,17.09767331433999,13.028831246273112,120.6087525279134
IA,none,320.20512820512823,6,21.537688746438736,22.872341319882306,18.730316091954016,141.70344231502304
IA,none,320.20512820512823,7,23.31258960573478,24.763386880856768,20.375609756097557,145.7155524640852
IA,none,320.20512820512823,8,22.820698924731182,24.61445623342174,19.84818681318681,127.29456001308812
IA,none,320.20512820512823,9,18.970039173789164,21.35983323929533,15.827191029763389,106.77928963748997
IA,none,320.20512820512823,10,11.178994347945958,13.447819827231598,8.885641025641025,74.54803869280944
IA,none,320.20512820512823,11,2.4033262108262106,4.015516306452859,1.0315140729022476,37.07095784952709
IA,none,320.20512820512823,12,-4.533819272125726,-3.3581360946745575,-5.382923789173794,21.28897987529895
ID,none,699.6,1,-0.029462365591397446,1.0798181818181813,-0.9136714975845398,26.249798848336788
ID,none,699.6,2,1.0329166666666665,2.773431085043988,-0.7601812688821743,36.72543898507358
ID,none,699.6,3,5.617956989247312,7.505436893203881,3.27566265060241,78.66174787052894
ID,none,699.6,4,9.722583333333333,11.726845637583887,6.4408791208791225,108.7586762295946
ID,none,699.6,5,13.408360215053776,15.202377919320599,10.313186813186812,148.32780995751907
ID,none,699.6,6,19.244916666666658,21.349106029106,15.010125523012547,190.71930075104973
ID,none,699.6,7,23.657741935483877,25.822290076335875,18.502181818181825,225.3550637938529
ID,none,699.6,8,22.053602150537632,24.976857749469225,17.01018315018314,200.73720427687329
ID,none,699.6,9,16.054000000000013,18.573943661971825,12.402653061224491,125.56898379993584
ID,none,699.6,10,9.230430107526875,11.628121546961328,6.958272251308906,70.01444304146956
ID,none,699.6,11,3.7283611111111163,5.739019607843135,2.242222222222222,37.49676569637064
ID,none,699.6,12,-0.4326881720430103,0.6827491408934706,-1.1492273730684335,25.435421444094786
IL,none,191.73684210526315,1,-3.4289685908319223,-2.4031009051290657,-4.1780905752754,27.103256298462195
IL,none,191.73684210526315,2,-0.909844924812028,0.5953127499600069,-2.3535675924505126,36.08086399391038
IL,none,191.73684210526315,3,4.9329584040747,6.608266879319514,3.026572897761647,66.1732132920602
IL,none,191.73684210526315,4,10.933808479532168,12.452907268170424,8.807070175438598,91.35783397743707
IL,none,191.73684210526315,5,16.490471137521187,18.067540234884717,13.554696356275302,129.10176100772458
IL,none,191.73684210526315,6,22.33873538011696,23.921271929824556,19.173662280701762,156.2723328103855
IL,none,191.73684210526315,7,24.22409451046971,25.826644736842095,21.01899405772495,159.47088162788046
IL,none,191.73684210526315,8,23.168619128466318,25.133876450591956,20.17743086529885,133.45774005289346
IL,none,191.73684210526315,9,19.29929824561403,21.558539731682146,16.344905533063432,107.22434342894003
IL,none,191.73684210526315,10,12.01940435766838,14.298614221724526,9.690646453089244,78.57941042604892
IL,none,191.73684210526315,11,6.255921052631579,7.8807017543859645,4.926555023923446,47.67726824524173
IL,none,191.73684210526315,12,-1.9186262026032839,-0.6357287449392713,-2.845163255360624,26.68631175835283
IN,none,216.3,1,-2.2787903225806465,-1.2739871382636656,-3.0004849884526577,27.09163167571755
IN,none,216.3,2,-0.7652232142857128,0.3483522727272732,-1.990156249999999,35.35636249142803
IN,none,216.3,3,5.630994623655916,6.958963855421683,3.9558966565349523,67.71146102779669
IN,none,216.3,4,11.670152777777778,13.276940639269421,9.174503546099293,101.28972408573
IN,none,216.3,5,17.227930107526866,18.648600823045243,14.551782945736432,133.59178214623063
IN,none,216.3,6,22.057097222222236,23.350638722554894,19.09789954337899,145.8179216565837
IN,none,216.3,7,24.07571236559141,25.588169291338577,20.820084745762703,156.0302915667254
IN,none,216.3,8,23.442526881720436,25.26969631236444,20.46611307420494,130.70142686608517
IN,none,216.3,9,19.009944444444425,21.102114014251775,16.064113712374596,105.18950648730745
IN,none,216.3,10,12.289663978494612,14.596243243243228,10.007754010695178,74.55145501419692
IN,none,216.3,11,6.773597222222218,8.115768115942032,5.538799999999999,43.94025490910519
IN,none,216.3,12,-0.8372715053763438,0.32310126582278353,-1.6939953271028032,26.43020802937206
KS,east,372.73333333333335,1,-0.7275896057347675,1.097165668662674,-2.2140975609756093,37.25934937722055
KS,east,372.73333333333335,2,1.5842956349206343,3.721128205128206,-0.4170605187319888,49.02743741591672
KS,east,372.73333333333335,3,7.36674731182796,9.363316666666671,5.045155038759688,84.38086438581527
KS,east,372.73333333333335,4,13.386101851851848,15.27919239904987,10.720579710144928,109.56918848148729
KS,east,372.73333333333335,5,18.5920698924731,20.389906810035868,15.595675029868586,141.73426149004052
KS,east,372.73333333333335,6,24.210370370370388,26.150251851851866,20.977234567901228,176.91776641389544
KS,east,372.73333333333335,7,26.220519713261627,28.16237992831545,22.984086021505387,194.77385082913815
KS,east,372.73333333333335,8,25.46399641577062,27.37041036717062,22.32282325029655,174.43411134361978
KS,east,372.73333333333335,9,21.851148148148138,24.294206549118396,18.84837977296182,139.3188744338765
KS,east,372.73333333333335,10,13.942894265232976,16.244872471416013,11.552621004566209,96.81159245031473
KS,east,372.73333333333335,11,7.617055555555561,10.24915924826904,5.301079199303743,66.84273243238596
KS,east,372.73333333333335,12,-0.6072759856630832,1.2474358974358966,-2.151346469622332,37.11047063479799
KS,west,711.5714285714286,1,-1.6127880184331789,0.7621848739495798,-3.611527581329557,38.50293497586736
KS,west,711.5714285714286,2,1.491751700680273,4.119047619047621,-1.1355442176870747,55.66859598977802
KS,west,711.5714285714286,3,4.4331605222734245,7.070996761424976,1.4152326060107037,94.32500121850022
KS,west,711.5714285714286,4,12.865198412698401,15.129337329337329,9.527344133529702,136.9279810242435
KS,west,711.5714285714286,5,17.07843701996927,19.22525345622119,13.500409626216078,158.84897369173757
KS,west,711.5714285714286,6,23.689940476190483,25.865397502284484,19.625042686397258,220.1556273553066
KS,west,711.5714285714286,7,26.584293394777255,28.840054249547897,22.624179894179896,242.75741841270548
KS,west,711.5714285714286,8,24.01954685099846,26.337598986379493,20.451487079473427,190.72689436707498
KS,west,711.5714285714286,9,20.135099206349214,22.954076479076495,16.68968253968254,146.73466516970444
KS,west,711.5714285714286,10,12.750595238095242,15.759087509349273,9.57588792423047,113.38576167395881
KS,west,711.5714285714286,11,6.231964285714284,9.483239253148067,3.496236755571792,69.98796744176772
KS,west,711.5714285714286,12,1.3550307219662059,4.8360287511230915,-1.243460764587524,52.255964496956935
KY,none,228.83333333333334,1,0.11125672043010758,1.1364825581395346,-0.7704375000000006,32.70555613835827
KY,none,228.83333333333334,2,2.876364087301588,4.078011204481793,1.514497354497354,45.9987899524591
KY,none,228.83333333333334,3,7.5606182795699,9.008917069243152,5.743661616161616,76.07814769281691
KY,none,228.83333333333334,4,13.666481481481485,15.19440104166665,11.149908088235293,109.49144687307154
KY,none,228.83333333333334,5,18.92787858422939,20.513347309573724,16.095411985018732,129.4909675420495
KY,none,228.83333333333334,6,22.9467476851852,24.279489795918376,20.107427536231874,137.90973038610483
KY,none,228.83333333333334,7,24.862847222222207,26.2549039098741,21.957434301521452,152.22951695179876
KY,none,228.83333333333334,8,23.847211021505398,25.64166666666668,20.85645161290323,136.79203446100487
KY,none,228.83333333333334,9,19.936284722222204,22.2526913875598,16.730132450331133,106.60456823942978
KY,none,228.83333333333334,10,14.105443548387106,16.3443005181347,11.691480446927377,78.32279780579303
KY,none,228.83333333333334,11,9.096168981481478,10.83333333333333,7.38771808999082,57.67199708465012
KY,none,228.83333333333334,12,2.9216173835125416,4.241642581888243,1.774057788944722,33.862128658188475
LA,none,26.529411764705884,1,9.675980392156857,11.33727693324521,8.151697998787146,55.70281003945528
LA,none,26.529411764705884,2,12.282081582633046,14.127631802000353,10.311601809954748,69.91576473455451
LA,none,26.529411764705884,3,14.80848355471221,16.676179382644154,12.589221453287209,99.3695513591074
LA,none,26.529411764705884,4,19.28450980392156,21.075403622069363,16.791538010553044,118.67068469002403
LA,none,26.529411764705884,5,23.564468690702093,25.38297985861015,20.917724713647825,139.5474941951676
LA,none,26.529411764705884,6,26.115171568627467,27.768027836134458,23.392820069204134,141.22628895909418
LA,none,26.529411764705884,7,27.499098671726724,29.10128875845348,24.889170650592405,151.35929058130594
LA,none,26.529411764705884,8,27.303059772296017,29.161329224172583,24.628370298939245,148.44547536001417
LA,none,26.529411764705884,9,24.99763071895428,27.101851588092877,22.16687104809351,129.03669298134403
LA,none,26.529411764705884,10,19.54220430107527,22.21804026423402,16.83744038155803,103.45853930448672
LA,none,26.529411764705884,11,15.409918300653585,17.57346405228759,13.2463725490196,70.26328478631035
LA,none,26.529411764705884,12,10.106277672359267,12.100900032144006,8.174976657329601,56.843730036148926
MA,none,61.6,1,-2.4635304659498223,-1.195476956055734,-3.3743033102386475,30.53743735742742
MA,none,61.6,2,-1.353710317460316,-0.25765765765765886,-2.430363815142576,35.096871160233874
MA,none,61.6,3,3.9050448028673794,5.406048109965634,2.2691198501872654,62.89081996165007
MA,none,61.6,4,7.958962962962957,9.388716744913925,5.887278911564626,78.40751960421889
MA,none,61.6,5,12.966944444444445,14.40273431994362,10.4609348093481,104.91999117248167
MA,none,61.6,6,17.75737962962961,19.098615274803695,15.281660079051388,112.12815099675815
MA,none,61.6,7,21.185528673835137,22.541558265582676,18.538042328042323,130.94015488152516
MA,none,61.6,8,21.16116487455199,22.816014652014676,18.55577854671282,120.72851933910431
MA,none,61.6,9,17.273342592592602,19.091758793969863,15.02573498964804,87.75044567755415
MA,none,61.6,10,11.536675627240136,13.485225225225223,9.60896613190731,66.3589440031338
MA,none,61.6,11,6.730592592592589,8.170141414141408,5.51251282051282,47.1862830876002
MA,none,61.6,12,1.6944265232974904,3.0000641025641017,0.751466049382716,32.81082612076039
MD,none,76.0,1,1.7466397849462363,3.0598130841121507,0.7501182033096925,41.49467290215801
MD,none,76.0,2,3.914285714285712,5.490155763239879,2.4731054131054124,53.32277323647697
MD,none,76.0,3,7.617069892473117,9.439477806788512,5.683601108033238,84.35793338129812
MD,none,76.0,4,13.268805555555547,14.979571428571436,10.87373333333334,115.2946543257671
MD,none,76.0,5,17.807284946236564,19.812511210762327,14.806174496644294,137.59625846247098
MD,none,76.0,6,22.873500000000003,24.74334763948498,19.442992125984244,160.46720426665289
MD,none,76.0,7,25.313521505376347,26.931531914893608,22.538102189781018,152.1264947093121
MD,none,76.0,8,23.829919354838704,25.635272727272742,21.216907894736853,133.96971356914622
MD,none,76.0,9,19.77358333333334,21.623042394014984,17.448714733542314,96.95211978126174
MD,none,76.0,10,14.295967741935506,16.96319783197832,11.67141333333333,83.93066584625906
MD,none,76.0,11,9.344555555555559,11.605337620578771,7.625476772616131,62.00642322906952
MD,none,76.0,12,3.7992741935483907,5.574645161290322,2.531152073732714,44.43984153842232
ME,none,97.4,1,-7.0317473118279565,-5.8377209797657095,-7.898870843000779,19.16641835463067
ME,none,97.4,2,-6.785644841269831,-5.391958974358975,-8.090970220941404,23.461480394056178
ME,none,97.4,3,-0.3579211469534046,1.0282312925170067,-1.9015909090909107,46.99891163516096
ME,none,97.4,4,4.9214814814814805,6.299546165884195,2.9246938775510185,69.4731994613423
ME,none,97.4,5,11.337795698924731,12.878943758573389,8.434702842377263,110.01583583703673
ME,none,97.4,6,16.264490740740758,17.510643044619428,13.278427672955965,118.90615300869973
ME,none,97.4,7,19.393342293906798,20.72543790849672,16.490056980056966,125.9882346725892
ME,none,97.4,8,18.526281362007165,20.23523605150215,15.661630695443643,113.05143600792809
ME,none,97.4,9,14.756805555555545,16.930749999999986,12.03937500000001,81.86740510424609
ME,none,97.4,10,7.810349462365593,9.59184782608696,6.0667553191489345,49.65520032810697
ME,none,97.4,11,2.1840092592592555,3.319593495934959,1.2338265306122431,31.24194824117299
ME,none,97.4,12,-3.2353494623655923,-1.9633221850613147,-4.090037453183522,21.51980240680078
MI,none,247.09677419354838,1,-6.147103711411725,-5.279099462365594,-6.861930740037948,20.634816956354925
MI,none,247.09677419354838,2,-4.580813172043014,-3.3275963808025173,-5.775740810202549,25.938862132011252
MI,none,247.09677419354838,3,1.3733307318765173,2.7449160983832672,-0.41440127833815993,55.089187835904596
MI,none,247.09677419354838,4,7.709695340501795,9.241027108218299,5.142295239237314,84.61197705631656
MI,none,247.09677419354838,5,12.814299340964277,14.289966241560402,9.47463214487832,118.72308953423229
MI,none,247.09677419354838,6,19.16803763440859,20.631986084756473,15.612734254992318,139.1717664653559
MI,none,247.09677419354838,7,21.457960457856412,22.958561750264128,17.99657347670251,146.61122988762713
MI,none,247.09677419354838,8,20.213458203260505,22.014954755819563,17.17627809479446,120.21031469322755
MI,none,247.09677419354838,9,15.965080645161297,18.075009716284494,13.094193548387102,86.45785237767736
MI,none,247.09677419354838,10,8.79912851196669,10.514073207421026,6.950054063795277,56.93378349368796
MI,none,247.09677419354838,11,3.844807347670251,5.030967741935482,2.86885259289506,35.93175880076318
MI,none,247.09677419354838,12,-3.2276491501907745,-2.4158083948698015,-3.8818509238960255,23.02695647039417
MN,none,349.35185185185185,1,-11.324604241338116,-10.06023361823362,-12.305321311765216,12.627485611636377
MN,none,349.35185185185185,2,-8.372486772486779,-6.884503843466104,-9.709149403640922,20.60394051180149
MN,none,349.35185185185185,3,-1.7962340700916015,-0.20413245758073348,-3.7086401490247636,42.714539327911865
MN,none,349.35185185185185,4,7.42954732510289,9.21037711971653,4.647396863055225,86.36408231308145
MN,none,349.35185185185185,5,12.678307945041821,14.120476925338034,9.649753086419755,115.56358458880028
MN,none,349.35185185185185,6,18.469266975308642,19.88769426289034,15.02451499118165,131.20499438093904
MN,none,349.35185185185185,7,20.79752837514932,22.144078339375817,17.651552898189667,136.74139262335402
MN,none,349.35185185185185,8,19.952914675428108,21.885307850585658,16.676247987117563,121.4654234301184
MN,none,349.35185185185185,9,15.680462962962944,17.75111021215391,12.910636123136126,89.51879643584189
MN,none,349.35185185185185,10,6.231337116686579,7.833447829549981,4.6292264038231785,48.18234091872147
MN,none,349.35185185185185,11,-0.4063605967078189,1.1295936713412442,-1.5611291340001805,28.22212273463108
MN,none,349.35185185185185,12,-8.65446784149741,-7.625501792114697,-9.389443591056498,15.141190310830835
MO,none,248.76470588235293,1,-0.6334044908285886,0.6121799307958481,-1.6816686080372742,34.017652770744306
MO,none,248.76470588235293,2,2.23028711484594,3.847863400679423,0.6787343508832099,46.89599036384947
MO,none,248.76470588235293,3,7.682439911448449,9.412068217950573,5.593541630301969,82.77990196127995
MO,none,248.76470588235293,4,13.385955882352919,15.017272475027749,11.049205087440393,111.52537654319293
MO,none,248.76470588235293,5,18.386820050600907,20.067034313725497,15.331885026737968,137.42385128013376
MO,none,248.76470588235293,6,23.473129084967326,24.914583333333336,20.59022058823528,155.8472312044782
MO,none,248.76470588235293,7,25.797232764073396,27.456326878577514,22.72695514987603,169.78334885838976
MO,none,248.76470588235293,8,24.980368437697653,26.886619263089855,21.97917769183796,150.85024595368722
MO,none,248.76470588235293,9,20.2507679738562,22.322154500354333,17.432324011571843,115.60960661112101
MO,none,248.76470588235293,10,14.052561669829231,16.51302972802024,11.592093611638196,86.99669840832244
MO,none,248.76470588235293,11,7.007377450980389,8.668245705361793,5.529597035664654,52.311744494820196
MO,none,248.76470588235293,12,1.1891524351676166,2.6993650793650796,0.08025503907856835,37.40724974555282
MS,none,71.76923076923077,1,7.299514061207609,9.161080845500104,5.618866810938425,50.10449539430172
MS,none,71.76923076923077,2,10.438907967032959,12.408516483516488,8.469299450549451,64.51981823946846
MS,none,71.76923076923077,3,13.767090570719612,15.982821149074253,11.148499887209566,95.5537742344981
MS,none,71.76923076923077,4,18.266047008546998,20.313516483516473,15.39958974358975,120.14304587386685
MS,none,71.76923076923077,5,22.001023573200996,23.873162774725273,19.167515592515596,142.8843392020663
MS,none,71.76923076923077,6,25.547596153846168,27.381715575620778,22.61432935295751,146.6108198013359
MS,none,71.76923076923077,7,26.994334160463183,28.988102330471374,24.124615384615375,152.61941878470478
MS,none,71.76923076923077,8,26.635328784119082,28.909234314072997,23.451861042183616,151.9635722474023
MS,none,71.76923076923077,9,23.8330982905983,26.170708601743097,20.810583047525725,122.30313108136852
MS,none,71.76923076923077,10,17.49838709677421,20.553987482333945,14.291269336723875,94.18587275666897
MS,none,71.76923076923077,11,12.45216880341881,14.962192646063606,10.193809620458687,62.3090379813537
MS,none,71.76923076923077,12,8.00646195202647,9.991315136476429,6.326970795953429,50.03390909896406
MT,none,769.375,1,-8.52550403225806,-7.279166666666665,-9.502847721822537,18.692849030788445
MT,none,769.375,2,-5.098046874999999,-3.0706640625,-6.941122159090906,28.94969285661568
MT,none,769.375,3,-2.51280241935484,-0.7496951219512203,-4.6770958083832355,50.35625441664446
MT,none,769.375,4,8.036336805555552,10.20250556792872,4.447370848708485,105.70316113793596
MT,none,769.375,5,12.58118279569893,14.336519607843156,8.755448717948719,138.49562602268247
MT,none,769.375,6,16.99578125000001,18.834651277013762,12.559834123222744,157.80085364536552
MT,none,769.375,7,21.405359543010746,23.49892652671754,16.418863636363632,193.65510598138755
MT,none,769.375,8,20.118800403225784,22.43814300411523,15.749806201550388,174.84908528615634
MT,none,769.375,9,13.98663194444443,16.623118932038842,10.459902597402607,113.0447872124694
MT,none,769.375,10,5.454653897849464,7.8553050397877975,2.988589918256129,61.12643863069971
MT,none,769.375,11,0.4292881944444456,2.6807570977918,-1.3417183622828783,36.7194426337918
MT,none,769.375,12,-6.561760752688169,-5.25233870967742,-7.497062211981566,21.179827684231576
NC,none,112.13636363636364,1,5.027419354838709,6.886696880831772,3.454184525152261,49.016124733006905
NC,none,112.13636363636364,2,6.924959415584417,8.882503293807643,4.859660828468169,61.90421154645551
NC,none,112.13636363636364,3,10.188178152492668,12.048103254769925,7.966143738267625,89.83733683550003
NC,none,112.13636363636364,4,15.696300505050516,17.624001699235354,12.870765877957666,126.84256400646242
NC,none,112.13636363636364,5,20.031818181818192,21.807356076759067,17.003719008264465,147.07616609139635
NC,none,112.13636363636364,6,24.048377525252505,25.527466563287444,21.28466135458168,148.77194416054635
NC,none,112.13636363636364,7,25.92244623655911,27.453355899419712,23.29643331121433,150.82271085303566
NC,none,112.13636363636364,8,24.80562072336266,26.40993563958167,22.32222914072227,137.57741607618988
NC,none,112.13636363636364,9,21.820246212121205,23.556818181818187,19.470766488413556,109.82248463787658
NC,none,112.13636363636364,10,16.219067693059618,18.85024177949711,13.530694169960471,87.4630908747706
NC,none,112.13636363636364,11,11.289090909090918,13.399772094201074,9.190103248552003,61.71819353521062
NC,none,112.13636363636364,12,6.664271749755621,8.843506493506496,4.800238041260483,49.68932383611117
ND,east,340.8,1,-13.447284946236557,-12.327112676056338,-14.138869565217394,11.803374318213697
ND,east,340.8,2,-9.268869047619042,-7.911168831168832,-10.417692307692304,16.452819246869513
ND,east,340.8,3,-4.050994623655908,-2.7405076142131968,-5.5262285714285655,29.323558718327764
ND,east,340.8,4,7.192111111111118,9.543255813953495,3.705931034482757,100.39007899764587
ND,east,340.8,5,12.370376344086015,14.199378881987576,8.985670498084291,131.2931390889356
ND,east,340.8,6,18.65641666666667,20.05820359281439,15.449589041095887,142.99178778014638
ND,east,340.8,7,20.49064516129031,22.080854368932055,16.91441048034934,152.3455065421183
ND,east,340.8,8,20.085887096774197,22.207655913978474,16.549605734767027,136.33772806910198
ND,east,340.8,9,15.272749999999998,17.803325062034745,12.055646687697156,103.52956121711384
ND,east,340.8,10,4.850053763440864,7.432327044025163,2.922441314553988,52.559776456861016
ND,east,340.8,11,-1.7715277777777778,-0.47110367892976623,-2.695106888361046,23.729422174778737
ND,east,340.8,12,-11.108118279569894,-9.90647482014389,-11.824978540772536,14.001189613679967
ND,west,578.0,1,-11.63198924731182,-10.426372239747636,-12.527025761124117,13.52024994747704
ND,west,578.0,2,-6.888482142857138,-5.5152265861027185,-8.22146627565983,22.906102932124615
ND,west,578.0,3,-2.477016129032259,-1.0070217917675521,-4.311178247734143,41.08968270776406
ND,west,578.0,4,6.3297222222222285,8.522779043280186,2.9035587188612118,99.3583110828124
ND,west,578.0,5,13.005026881720427,14.843881188118793,9.119581589958162,138.02682421547343
ND,west,578.0,6,17.33602777777778,19.009724409448825,13.325471698113208,154.0822748373691
ND,west,578.0,7,21.187150537634388,23.113872832369925,16.74284444444445,181.46587558000454
ND,west,578.0,8,20.17032258064516,22.793067226890752,15.512014925373139,161.6822517896365
ND,west,578.0,9,14.286694444444443,16.825641025641016,10.543711340206189,115.95711116926864
ND,west,578.0,10,6.960698924731177,9.438152173913048,4.535957446808508,71.640105161718
ND,west,578.0,11,-1.5323611111111117,0.33963963963963995,-3.1431524547803624,32.44028847055299
ND,west,578.0,12,-8.900618279569898,-7.505562913907283,-9.853800904977374,16.269012029439786
NE,east,500.8888888888889,1,-5.515598864994022,-3.9112414467253185,-6.873132065067541,27.115508571166067
NE,east,500.8888888888889,2,-2.6394097222222235,-0.655453618756371,-4.519855072463766,35.73956012945256
NE,east,500.8888888888889,3,4.019571385902032,6.091436925647453,1.6234138486312397,76.45480466453135
NE,east,500.8888888888889,4,10.740794753086421,12.611660280970625,7.885263157894733,105.50029995805575
NE,east,500.8888888888889,5,15.846729390681011,17.61433499881037,12.866686722823903,139.3196829870779
NE,east,500.8888888888889,6,21.45344135802469,23.043127743127737,18.25411436541143,162.2728737434322
NE,east,500.8888888888889,7,24.399118876941465,26.244778007821488,20.983588761174946,178.65687576984135
NE,east,500.8888888888889,8,22.671736857825554,24.54634408602148,19.547391477498984,146.71131243362677
NE,east,500.8888888888889,9,18.58443672839508,21.18664154103852,15.36804692891648,123.77941051537054
NE,east,500.8888888888889,10,10.693974014336908,13.187474482356372,8.076828895010708,86.16626388261979
NE,east,500.8888888888889,11,2.2242515432098746,4.3524046434494155,0.37248196248196197,43.83279523069803
NE,east,500.8888888888889,12,-3.263284050179212,-1.482972795804654,-4.753470507544581,29.844215608220985
NE,west,855.0,1,-2.496841397849464,1.3326198630136987,-4.97074115044248,36.971049585549366
NE,west,855.0,2,-0.7322544642857144,2.251969696969696,-3.611769005847953,47.9678920008208
NE,west,855.0,3,3.0048723118279583,5.617603911980438,-0.1849999999999997,80.69472838272894
NE,west,855.0,4,9.361076388888886,12.031018518518525,5.356163194444447,123.64096025216617
NE,west,855.0,5,15.538608870967742,17.695208333333323,11.617518939393939,160.04520678907647
NE,west,855.0,6,20.779409722222223,22.40359960552268,16.913380281690145,180.3065943693965
NE,west,855.0,7,24.477318548387103,26.526188118811888,20.148117154811708,210.71658281824585
NE,west,855.0,8,23.334408602150546,26.123198198198203,19.207000000000015,184.56952755128927
NE,west,855.0,9,17.794513888888886,20.668357487922695,13.906372549019615,135.30309485131397
NE,west,855.0,10,10.236088709677418,13.396858288770042,7.041148648648644,92.67249385369755
NE,west,855.0,11,2.9877777777777794,6.092089552238805,0.2866233766233759,55.403940317647596
NE,west,855.0,12,-2.066969086021504,1.5676242236024827,-4.840284360189575,37.97719287853009
NH,none,151.42857142857142,1,-5.671044546851002,-4.176377217553689,-6.715264187866923,23.487522462731867
NH,none,151.42857142857142,2,-4.453443877551014,-2.8489733508082145,-5.974202898550722,28.362827581584522
NH,none,151.42857142857142,3,0.8452956989247314,2.7109693877551018,-1.2323863636363628,55.3185314883207
NH,none,151.42857142857142,4,6.528948412698409,8.35407917383821,4.045573770491803,83.58608144280119
NH,none,151.42857142857142,5,11.707891705069123,13.415913978494627,8.861187916026633,108.58804437999356
NH,none,151.42857142857142,6,18.79408730158731,20.554458693707133,15.295257854179008,134.51683905312933
NH,none,151.42857142857142,7,20.740860215053747,22.436088709677428,17.350403225806446,138.1532801018954
NH,none,151.42857142857142,8,19.808256528417804,21.82316687737042,16.689285714285713,120.82809637227179
NH,none,151.42857142857142,9,16.130952380952376,18.443775247888368,13.41286145878291,81.68200724303138
NH,none,151.42857142857142,10,8.566685867895545,10.741976790716288,6.560022148394236,54.22580947661166
NH,none,151.42857142857142,11,4.281805555555555,5.837000887311442,3.0235821966977765,39.546304103837244
NH,none,151.42857142857142,12,-1.8442780337941638,-0.44677039132484675,-2.8044703595724,24.13112579064985
NJ,none,26.77777777777778,1,-0.31311230585424044,0.7785689714482265,-1.1506730007917663,38.09424756738483
NJ,none,26.77777777777778,2,2.0150958994709005,3.611796982167352,0.5285121328224779,45.51015778137224
NJ,none,26.77777777777778,3,5.499775985663078,7.256866096866095,3.5639987445072183,70.37250135966435
NJ,none,26.77777777777778,4,11.031049382716043,12.63534391534393,8.785037037037036,100.22979989519627
NJ,none,26.77777777777778,5,16.45824372759857,18.021218795888398,14.011379310344823,128.76753767637467
NJ,none,26.77777777777778,6,21.441790123456794,22.90948396094839,18.542791551882466,144.37291157396203
NJ,none,26.77777777777778,7,24.15498805256869,25.746506550218356,21.606332556332543,154.08783018172483
NJ,none,26.77777777777778,8,22.80298685782557,24.466616503636832,20.354521963824283,131.7619495394587
NJ,none,26.77777777777778,9,19.059552469135816,20.963847429519063,16.65223619846261,101.23920085978136
NJ,none,26.77777777777778,10,13.289829749103944,15.589678202792971,11.062992357436814,77.78386911576156
NJ,none,26.77777777777778,11,8.614104938271607,10.243967280163604,7.265538635081788,53.702113370996074
NJ,none,26.77777777777778,12,3.673178016726399,5.311111111111111,2.522501906941265,40.9909635515635
NM,none,985.0,1,4.415322580645166,9.095652173913045,2.321011673151751,67.02818083919327
NM,none,985.0,2,8.374851190476173,12.390086206896552,6.257727272727274,69.51135095692003
NM,none,985.0,3,11.887231182795722,15.428746177370021,9.11007194244604,167.8655981439279
NM,none,985.0,4,16.371944444444452,20.095341614906808,13.35954773869346,162.31229306195024
NM,none,985.0,5,24.603494623655905,27.561662817551955,20.484887459807087,286.11833049028394
NM,none,985.0,6,26.621666666666666,29.624926686217005,23.919525065963057,222.8488721884493
NM,none,985.0,7,28.219623655913974,31.433915211970053,24.461807580174938,269.0745478079405
NM,none,985.0,8,28.104704301075262,30.655470737913497,25.248717948717932,230.3351989964679
NM,none,985.0,9,22.527777777777814,26.708049535603767,19.126700251889186,156.2198528843882
NM,none,985.0,10,17.53682795698925,23.259223300970874,13.471954022988509,165.77132609361377
NM,none,985.0,11,13.591666666666667,18.328338762214983,10.070702179176752,121.44980445483012
NM,none,985.0,12,6.369892473118277,10.209126984126977,4.4034552845528445,76.51555659274099
NV,none,718.6666666666666,1,7.99775985663083,10.172636815920395,6.216381418092906,76.02986937003962
NV,none,718.6666666666666,2,9.436805555555559,11.752366255144034,7.280938697318007,97.9692868214054
NV,none,718.6666666666666,3,13.771594982078852,16.010663308144398,11.209894332372722,163.76193106003976
NV,none,718.6666666666666,4,16.7813425925926,19.131977671451363,13.527814569536421,216.25846715937678
NV,none,718.6666666666666,5,25.281182795698925,27.5655773420479,21.602105263157895,302.9579468736026
NV,none,718.6666666666666,6,30.29032407407411,32.45733333333333,26.678641975308626,346.63906212920404
NV,none,718.6666666666666,7,32.70788530465949,34.86192528735631,29.138333333333325,309.7581237963793
NV,none,718.6666666666666,8,31.460663082437286,33.83048048048047,27.953333333333333,315.80303112207866
NV,none,718.6666666666666,9,27.14402777777779,29.865651438240278,23.8547034764826,252.6757099623739
NV,none,718.6666666666666,10,18.723297491039435,21.430909090909093,15.81959145775302,169.75798062633606
NV,none,718.6666666666666,11,11.478148148148147,14.261616161616159,9.122905982905982,98.95173010434023
NV,none,718.6666666666666,12,7.390367383512552,9.845845552297169,5.312655086848627,82.6497460258007
NY,none,174.70833333333334,1,-3.4043626792114656,-2.430072463768115,-4.147778436018956,28.50075623664683
NY,none,174.70833333333334,2,-2.5688120039682523,-1.4044452887537981,-3.685653547133138,35.169222765632384
NY,none,174.70833333333334,3,2.8493279569892493,4.252642276422768,1.126696606786427,59.97373823107764
NY,none,174.70833333333334,4,8.77887152777777,10.334905478395065,6.444820601851853,89.69820385877668
NY,none,174.70833333333334,5,13.853276209677427,15.218187163978493,11.123454301075265,118.5968646712448
NY,none,174.70833333333334,6,19.37389467592593,20.757161458333353,16.60736111111112,132.46399365157282
NY,none,174.70833333333334,7,22.02774977598566,23.403713037634382,19.275823252688166,143.63842983611778
NY,none,174.70833333333334,8,20.831647625448024,22.472063577586205,18.11324404761905,125.61974041707354
NY,none,174.70833333333334,9,16.971701388888896,18.632630522088366,14.71174863387978,89.07617068054192
NY,none,174.70833333333334,10,10.361519937275991,12.095017873100986,8.618676999101526,62.48255313336433
NY,none,174.70833333333334,11,5.532633101851854,6.86381172839506,4.44348695286195,45.26836476017059
NY,none,174.70833333333334,12,-0.7186491935483872,0.40211021505376415,-1.5191916282642088,31.140375869834852
OH,none,268.46153846153845,1,-2.7337572373862717,-1.8931961655365916,-3.400129749768307,28.505273213918105
OH,none,268.46153846153845,2,-1.4118131868131873,-0.2463890849211945,-2.5164325529542912,35.442928815461734
OH,none,268.46153846153845,3,4.415622415219192,5.820616159658983,2.808180004433608,64.36681735883408
OH,none,268.46153846153845,4,10.512916666666657,12.113689095127606,8.125605536332177,95.62793040753229
OH,none,268.46153846153845,5,15.748097601323414,17.41177832919767,12.975296388199611,128.93795706575457
OH,none,268.46153846153845,6,20.444017094017102,21.94796186719263,17.650976800976814,137.8959328559113
OH,none,268.46153846153845,7,23.278835814722903,24.90534412955465,20.406748641692904,148.3909038786954
OH,none,268.46153846153845,8,21.648748966087673,23.267182817182814,18.99727223131479,124.20037458145315
OH,none,268.46153846153845,9,17.8000747863248,19.839024864024857,15.308024691358018,94.0814056484119
OH,none,268.46153846153845,10,11.073542183622825,12.844149797570854,9.225105663567202,70.16098284725162
OH,none,268.46153846153845,11,6.248643162393163,7.690343698854337,5.035549872122761,48.260408692924095
OH,none,268.46153846153845,12,-0.33031430934656747,0.5203550295857992,-0.990141362217734,31.554822514968226
OK,east,317.77777777777777,1,2.5146206690561534,4.347656506063587,0.9803017832647454,49.288477175029726
OK,east,317.77777777777777,2,4.13477182539682,6.138905878355421,2.235201288244768,55.25611020674083
OK,east,317.77777777777777,3,9.383990442054957,11.373438363736867,7.045516569200778,95.93308568307395
OK,east,317.77777777777777,4,16.270370370370358,18.308438155136265,13.350975975975981,144.492283923939
OK,east,317.77777777777777,5,20.795325567503006,22.559323254139688,17.888809806247526,158.4889634638145
OK,east,317.77777777777777,6,25.35922839506174,27.175580246913583,22.331975308641958,178.4656514363288
OK,east,317.77777777777777,7,28.300238948626053,30.167741935483868,25.187733970529674,211.42773188247796
OK,east,317.77777777777777,8,27.703599163679815,29.66669071669072,24.48747044917258,206.9056549977154
OK,east,317.77777777777777,9,22.914953703703713,25.298262108262126,20.098316498316507,154.01615410147355
OK,east,317.77777777777777,10,15.279211469534056,17.724444444444437,12.72649572649573,104.33208962320762
OK,east,317.77777777777777,11,9.21679012345679,11.63630069238378,7.087873513199886,62.32236255617044
OK,east,317.77777777777777,12,3.539620669056152,5.760801564027368,1.6601599117728154,51.29003211223287
OK,west,475.5,1,3.146124551971322,5.445286686103012,1.179509559434747,57.36088736160941
OK,west,475.5,2,5.240203373015876,7.803678929765894,3.185299374441464,60.8471495345611
OK,west,475.5,3,9.77883064516129,12.323131821998324,6.867915465898177,108.35437114729108
OK,west,475.5,4,15.707129629629637,17.969968553459122,12.46576576576577,148.1365451384968
OK,west,475.5,5,21.954368279569888,24.43810068649887,18.418892508143337,177.3262321450935
OK,west,475.5,6,26.695416666666627,28.84318518518516,23.115802469135783,233.54325655412075
OK,west,475.5,7,28.080331541218627,30.09139784946234,24.72855436081243,232.84583479847225
OK,west,475.5,8,28.32553763440862,30.803101644245142,24.617505592841162,234.0770642617302
OK,west,475.5,9,23.755092592592582,26.49460034013606,20.481046747967508,172.11793661090192
OK,west,475.5,10,16.398790322580638,18.98471502590674,13.610614525139653,120.47123655621674
OK,west,475.5,11,9.537060185185188,12.160493827160499,7.390614478114473,71.42271206861005
OK,west,475.5,12,3.9215949820788576,6.72959685349066,1.5711934156378604,58.142918833468876
OR,east,639.5,1,0.24623655913978504,1.269930069930069,-0.3930131004366814,31.852258325979783
OR,east,639.5,2,2.653497023809522,3.9503367003367025,1.6263999999999987,37.2852975239347
OR,east,639.5,3,6.095161290322586,8.21402985074627,4.359657701711491,72.05098682614884
OR,east,639.5,4,9.380694444444442,11.594666666666665,6.974202898550725,100.99003699559493
OR,east,639.5,5,12.72795698924731,14.50061224489794,9.308267716535433,142.26955208318284
OR,east,639.5,6,17.3776388888889,19.464631578947355,13.331428571428559,180.09084079985024
OR,east,639.5,7,20.82399193548387,23.131616161616172,16.23654618473896,208.51886426274785
OR,east,639.5,8,21.443145161290346,24.17105263157897,17.123958333333334,195.83879816895265
OR,east,639.5,9,16.960138888888896,19.518610421836225,13.707570977917978,126.6673736113932
OR,east,639.5,10,10.31465053763442,12.759281437125741,8.323170731707314,80.76139679690903
OR,east,639.5,11,5.333819444444446,6.752056962025319,4.224504950495053,50.09091322893592
OR,east,639.5,12,0.9831317204301061,1.8195286195286213,0.4274049217002239,30.341195619104894
OR,west,173.16666666666666,1,4.922065412186377,6.101491769547325,4.01222222222222,31.352790103647184
OR,west,173.16666666666666,2,6.421416170634914,7.992338709677424,5.076151012891344,40.21610614431109
OR,west,173.16666666666666,3,8.39909274193549,10.098157453936356,6.444677263969173,63.07957403434918
OR,west,173.16666666666666,4,10.651678240740726,12.377498048399676,8.136575654152448,89.37506246965981
OR,west,173.16666666666666,5,12.803405017921166,14.350625422582837,9.764442231075693,114.6237609372343
OR,west,173.16666666666666,6,16.518796296296294,18.211133879781425,12.959051724137932,140.44102667466
OR,west,173.16666666666666,7,19.461570340501815,21.27416833000667,15.72448559670781,163.20616030302656
OR,west,173.16666666666666,8,19.068436379928336,21.369726421886256,15.276631079478058,143.80515206852257
OR,west,173.16666666666666,9,16.147581018518522,18.840692371475942,12.74308176100629,104.02915336107837
OR,west,173.16666666666666,10,11.610786290322574,13.91635049683829,9.342111111111116,61.144523490373736
OR,west,173.16666666666666,11,7.290138888888892,8.752696078431368,6.209118357487922,31.791427288443632
OR,west,173.16666666666666,12,5.069690860215052,6.1730645161290365,4.2815668202765,26.203458691374593
PA,none,285.9047619047619,1,-2.1256848438300042,-1.248372423596304,-2.8442659215275348,30.34456567205395
PA,none,285.9047619047619,2,-1.0868126417233566,0.13827160493827198,-2.2274083196497005,38.19545682183413
PA,none,285.9047619047619,3,4.254787506400412,5.657318357318354,2.5609297725024733,67.96695666034861
PA,none,285.9047619047619,4,10.334279100529095,11.862093902981751,8.094879321591648,99.5248808116424
PA,none,285.9047619047619,5,15.099161546338982,16.56122170179547,12.312109375000002,121.36177625410825
PA,none,285.9047619047619,6,20.10439814814814,21.447341269841264,17.4185119047619,134.9625922314978
PA,none,285.9047619047619,7,22.589650537634416,24.04404518453599,19.80063492063493,149.97150755473726
PA,none,285.9047619047619,8,21.24355478750639,22.875931113185995,18.61456975772764,122.93337782581156
PA,none,285.9047619047619,9,17.42639550264551,19.115311004784694,15.088757489750867,91.76883240161122
PA,none,285.9047619047619,10,11.020020481310805,12.905056323604713,9.134984639016906,69.36633341530217
PA,none,285.9047619047619,11,6.206746031746026,7.577363077363075,5.027377876215087,47.04233676183921
PA,none,285.9047619047619,12,-0.14895673323092606,0.9772043010752692,-0.9533574720210662,31.644044090716655
RI,none,61.333333333333336,1,-0.7274193548387105,0.4443722943722961,-1.5551987767584103,35.320229896001834
RI,none,61.333333333333336,2,0.8511408730158729,2.1645969498910667,-0.2469945355191264,45.96400621494774
RI,none,61.333333333333336,3,2.4033602150537643,3.7709090909090928,0.9367688022284127,57.17102776948434
RI,none,61.333333333333336,4,7.777592592592589,9.059753086419745,6.129100529100529,77.76274899855925
RI,none,61.333333333333336,5,13.32822580645161,14.797971014492754,10.947652582159623,112.75512396821624
RI,none,61.333333333333336,6,18.830879629629653,20.392354740061194,16.433685446009385,120.64892230185059
RI,none,61.333333333333336,7,21.490949820788522,23.06255605381164,19.138814317673372,137.3408263224198
RI,none,61.333333333333336,8,21.171774193548394,22.845794392523363,18.904430379746834,118.93918656449726
RI,none,61.333333333333336,9,18.367129629629623,20.099054982817876,16.343072289156634,86.6629099488492
RI,none,61.333333333333336,10,11.473118279569919,13.205508072174736,9.92586938083121,68.63361565607664
RI,none,61.333333333333336,11,5.672222222222224,6.901529051987767,4.6493638676844755,49.52592145165309
RI,none,61.333333333333336,12,1.9664426523297502,3.215480225988698,1.1458054936896795,39.033908679796106
SC,none,106.6,1,6.03647849462366,8.09178885630499,4.297369727047146,54.84126069062722
SC,none,106.6,2,8.692485119047623,10.872268656716413,6.525637982195843,65.29040934595064
SC,none,106.6,3,12.532163978494617,14.474491315136477,10.236686217008788,96.98446277634136
SC,none,106.6,4,16.440152777777772,18.678609756097572,13.47961290322581,127.83839790834205
SC,none,106.6,5,20.940416666666675,22.828064516129036,17.794336917562717,158.51202942915444
SC,none,106.6,6,24.79555555555558,26.405088888888915,22.113000000000007,153.33883469446457
SC,none,106.6,7,26.950336021505358,28.505268817204286,24.358781362007164,161.01228355484545
SC,none,106.6,8,25.46502688172046,27.009732739420944,23.113932203389833,137.85055408472232
SC,none,106.6,9,22.705305555555547,24.867984693877574,20.120640243902447,110.6128954308243
SC,none,106.6,10,16.73607526881721,19.48765333333332,13.939756097560984,94.41287489225745
SC,none,106.6,11,13.38888888888889,15.905890804597693,11.034274193548399,64.46399799233258
SC,none,106.6,12,7.010806451612899,9.427294117647053,4.977128712871288,52.314262485496066
SD,east,437.14285714285717,1,-8.48131720430108,-6.804777830864785,-9.607800963081857,18.79991552163757
SD,east,437.14285714285717,2,-6.883652210884366,-5.187012987012981,-8.416875758802112,28.244462592666984
SD,east,437.14285714285717,3,-1.0265360983102947,0.7373653984206754,-3.0555326176713455,48.53500057845961
SD,east,437.14285714285717,4,8.505396825396828,10.503579714948627,5.525407810182896,95.94320639625379
SD,east,437.14285714285717,5,14.479627496159763,16.249297924297924,11.478881987577651,124.19138316272026
SD,east,437.14285714285717,6,19.836250000000025,21.313490485657486,16.412047399605004,149.89768743788176
SD,east,437.14285714285717,7,23.416666666666682,25.16876610363583,19.848104956268205,177.72079789984093
SD,east,437.14285714285717,8,21.008198924731197,22.88512931034484,17.89785714285715,143.60019861907094
SD,east,437.14285714285717,9,16.98906746031747,19.476453697056698,13.914596273291925,117.08839624567673
SD,east,437.14285714285717,10,8.003686635944685,10.39749510763209,5.698303807010934,66.59332579395232
SD,east,437.14285714285717,11,-0.590793650793651,1.233121019108281,-2.0014074595355376,34.147262646211416
SD,east,437.14285714285717,12,-7.4666282642088975,-5.946501457725947,-8.459777777777777,18.50133429590168
SD,west,744.75,1,-7.267641129032258,-5.356451612903225,-8.632776497695849,26.841890172422097
SD,west,744.75,2,-3.372395833333335,-1.378484848484849,-5.296345029239766,36.71878189837612
SD,west,744.75,3,0.1841733870967753,2.037592137592137,-2.0542284866468843,57.59585119431837
SD,west,744.75,4,7.226805555555556,9.550356294536815,3.9551839464882934,101.10699836417163
SD,west,744.75,5,13.163071236559134,15.166793478260878,9.917605633802813,145.63051949848298
SD,west,744.75,6,19.623090277777774,21.74709543568463,15.321533613445364,174.28510949526137
SD,west,744.75,7,23.862869623655918,25.957121212121223,19.699598393574288,212.90444923563527
SD,west,744.75,8,22.280241935483897,24.563987473903975,18.152264150943402,190.99803715140263
SD,west,744.75,9,16.145798611111115,18.687558962264163,12.504898648648641,130.0556480448866
SD,west,744.75,10,6.369690860215051,8.9439226519337,3.930235602094242,74.02301282560808
SD,west,744.75,11,0.16375000000000098,2.007981927710845,-1.4143041237113407,40.01051390051405
SD,west,744.75,12,-5.15262096774194,-3.260555555555555,-6.54189976689977,32.17386090248614
TN,none,252.0,1,3.0165994623655905,4.304687499999996,1.859948979591836,42.355003062968905
TN,none,252.0,2,4.813727678571428,6.3189425770308105,3.1078174603174604,52.086309706193774
TN,none,252.0,3,10.659559811827952,12.52945331695331,8.40126112759644,95.01578665089721
TN,none,252.0,4,15.117777777777777,16.879147597253997,12.397924028268548,119.46531152959844
TN,none,252.0,5,19.470228494623658,20.987963917525768,16.62813706563707,137.3782752384655
TN,none,252.0,6,24.013784722222237,25.46409185803757,21.131224066390043,149.7153075419385
TN,none,252.0,7,25.881821236559166,27.304453441295554,23.070699999999984,165.5641227742908
TN,none,252.0,8,24.36878360215053,26.18876616379309,21.35281250000001,142.41827166706634
TN,none,252.0,9,22.025989583333335,23.97147129186605,19.3332367549669,110.00367821293544
TN,none,252.0,10,14.811424731182766,17.257215189873428,12.043266475644698,78.61262158360273
TN,none,252.0,11,11.185052083333341,13.137182203389836,9.296926229508196,62.937272872334525
TN,none,252.0,12,4.5250336021505415,6.03767705382436,3.159398976982096,43.0458697421376
TX,east,121.94594594594595,1,10.24186283057252,12.244892743746613,8.472097160451598,66.42477993727735
TX,east,121.94594594594595,2,12.455835746460744,14.534038386212291,10.263236631126542,80.36810961599112
TX,east,121.94594594594595,3,14.718453937808784,16.53469250888606,12.57199017199018,106.06580946929468
TX,east,121.94594594594595,4,19.53411411411409,21.43298071341031,16.89084133967855,137.16469477456727
TX,east,121.94594594594595,5,23.890511479221157,25.43979657076432,21.308369659982556,157.04860758771727
TX,east,121.94594594594595,6,26.88528903903902,28.524024024023994,24.154064064064062,169.4042554845796
TX,east,121.94594594594595,7,28.688386370241226,30.40130775937229,25.833517388356096,196.92657256880557
TX,east,121.94594594594595,8,28.249567712874185,29.96888064535124,25.48056899004268,182.12814287269936
TX,east,121.94594594594595,9,25.77761261261263,28.11634031991178,22.982547791694124,151.00698768633205
TX,east,121.94594594594595,10,20.785592850915442,23.135226395226393,18.26579086049837,115.43760739679311
TX,east,121.94594594594595,11,15.628704954954962,17.707460664006614,13.561465898030992,83.06462434691443
TX,east,121.94594594594595,12,10.671578029642536,12.86136632259082,8.79851722046236,67.00355159972706
TX,west,385.8,1,9.169919354838708,11.676960784313726,6.8572222222222265,75.46450555531736
TX,west,385.8,2,12.023988095238089,14.650818452380955,9.397157738095242,96.35220225335986
TX,west,385.8,3,14.931666666666674,17.2336049382716,12.181563421828912,136.64309877127428
TX,west,385.8,4,19.842388888888898,22.061121495327107,16.59027397260275,169.84067480384317
TX,west,385.8,5,24.518931451612897,26.322279569892462,21.51335125448027,193.21584348250875
TX,west,385.8,6,27.75068750000001,29.606911111111124,24.656981481481488,213.6773195270314
TX,west,385.8,7,28.85422043010753,30.65186021505378,25.858154121863816,227.4765242622754
TX,west,385.8,8,28.26904569892471,30.482777777777788,25.047079207920802,208.7150463012803
TX,west,385.8,9,25.33194444444447,27.73626262626262,22.393333333333327,167.215118862499
TX,west,385.8,10,20.21390456989249,22.563145363408513,17.496956521739126,133.8639242655702
TX,west,385.8,11,14.589833333333337,17.153469387755106,12.257400530503972,87.87472948770086
TX,west,385.8,12,9.949133064516124,12.804633431085044,7.532940446650128,79.88035442471994
UT,none,896.0,1,7.259139784946241,9.067259786476866,6.161771058315337,60.03174899621835
UT,none,896.0,2,8.429613095238095,10.283482142857142,7.502678571428572,56.7680296772637
UT,none,896.0,3,13.555376344086023,16.217415730337088,11.11288659793815,150.8194814012135
UT,none,896.0,4,19.65583333333333,21.917086834733894,17.43195592286501,207.56569515031237
UT,none,896.0,5,23.116532258064517,25.125917431192665,20.272077922077923,264.6593681746625
UT,none,896.0,6,29.274999999999995,30.938031319910515,26.552014652014655,298.1486589736504
UT,none,896.0,7,33.226612903225806,35.218203309692676,30.602180685358253,325.37095481137465
UT,none,896.0,8,30.730510752688197,33.09354005167958,28.168907563025215,268.1366657591301
UT,none,896.0,9,24.259583333333325,26.31465295629822,21.844410876132947,201.42931100808335
UT,none,896.0,10,17.455779569892474,20.436917562724023,15.667096774193542,116.37943407992802
UT,none,896.0,11,8.916805555555555,10.702255639097745,7.87070484581498,57.29802154752805
UT,none,896.0,12,5.647446236559142,7.066101694915254,4.9883858267716565,47.91853315590961
VA,none,228.46666666666667,1,2.5314919354838668,4.143304007820135,1.1676509511993398,42.301990461513554
VA,none,228.46666666666667,2,3.709419642857141,5.598989898989897,1.8861500974658871,49.755319192669866
VA,none,228.46666666666667,3,7.119896953405016,8.997608517608516,4.852156280909989,78.45171513757735
VA,none,228.46666666666667,4,12.936773148148154,14.783775193798443,10.198114942528731,112.49673455029281
VA,none,228.46666666666667,5,17.671460573476708,19.49254367575123,14.418064918851437,135.82709120616948
VA,none,228.46666666666667,6,22.758953703703675,24.32341701534166,19.66881542699725,145.49637021494414
VA,none,228.46666666666667,7,24.671097670250905,26.34176799440952,21.68641697877653,148.26057083247125
VA,none,228.46666666666667,8,24.108131720430126,26.02177631578947,21.07819444444443,138.6704222015454
VA,none,228.46666666666667,9,20.132467592592594,22.144102564102546,17.379703947368412,102.61933302269041
VA,none,228.46666666666667,10,14.221662186379934,16.93870071684588,11.504623655913969,80.39968700071962
VA,none,228.46666666666667,11,8.231509259259262,10.215084269662924,6.291529304029301,53.22560716764438
VA,none,228.46666666666667,12,4.505788530465943,6.4598136645962745,3.0148025276461294,39.90021220203031
VT,none,216.5,1,-6.220161290322582,-5.215149006622515,-6.906843891402717,21.7127517416635
VT,none,216.5,2,-6.109375,-4.882352941176468,-7.244985673352437,28.28591475820894
VT,none,216.5,3,-0.41969086021505025,1.1194516971279371,-2.0526315789473686,47.60340800182524
VT,none,216.5,4,7.745520833333333,9.144621749408989,5.752861952861952,86.12786984223192
VT,none,216.5,5,13.266498655913978,14.777916666666675,10.518465909090907,115.49303865387353
VT,none,216.5,6,18.116041666666646,19.634237995824623,15.098547717842326,131.88263448603914
VT,none,216.5,7,20.109979838709677,21.70787878787879,16.933433734939754,137.10708273056682
VT,none,216.5,8,19.261693548387072,21.258904867256625,16.17011986301371,120.25470165488879
VT,none,216.5,9,15.867187500000007,17.822130102040802,13.53079268292683,82.86057299798337
VT,none,216.5,10,9.038407258064508,10.579420289855076,7.705952380952382,51.83869803155442
VT,none,216.5,11,2.8639930555555555,4.044719471947191,2.0060551558753,37.42014442333749
VT,none,216.5,12,-2.8751680107526907,-2.6557547169811304,-2.9965553235908153,23.72719532819594
WA,east,485.55555555555554,1,-0.5923088410991636,0.36853094705443695,-1.2343049327354252,20.377987164390213
WA,east,485.55555555555554,2,1.8386574074074098,3.5341498047568343,0.3604147322810276,34.905802153029775
WA,east,485.55555555555554,3,5.6995071684587835,7.759949622166249,3.3421709894332365,68.73172217802106
WA,east,485.55555555555554,4,10.145802469135802,12.313328116849242,7.005102040816328,107.43785156676496
WA,east,485.55555555555554,5,13.500179211469524,15.316576698155657,9.910977777777777,147.52837606814222
WA,east,485.55555555555554,6,18.17334876543209,19.94103585657371,14.102803261977561,182.51673601074634
WA,east,485.55555555555554,7,23.336559139784928,25.76223118279569,18.485215053763444,228.33414504693653
WA,east,485.55555555555554,8,22.18496117084826,24.815014367816094,17.8265873015873,198.99349144114674
WA,east,485.55555555555554,9,16.905293209876543,19.862271973466,13.167225716282315,129.22255587746295
WA,east,485.55555555555554,10,9.19672939068101,11.85436179981634,6.664654418197729,71.76608178571011
WA,east,485.55555555555554,11,3.3872376543209852,4.930180180180176,2.310089098532495,29.025644203042194
WA,east,485.55555555555554,12,-0.04554958183990457,0.9062619320351282,-0.6569781702232037,20.831655877280557
WA,west,100.47368421052632,1,4.007632993774763,4.982561625582944,3.287825873093948,22.50382608504945
WA,west,100.47368421052632,2,4.776166979949871,6.276088784260974,3.4684357132385277,32.35532369258486
WA,west,100.47368421052632,3,6.8335950764006785,8.322937941869608,5.082963988919667,54.77063695521499
WA,west,100.47368421052632,4,10.087967836257308,11.877180883242593,7.35706371191136,90.56764117816587
WA,west,100.47368421052632,5,12.11564091680815,13.399946943972825,9.547028862478776,105.90716272769822
WA,west,100.47368421052632,6,15.550804093567258,16.863253012048208,12.606661925082975,122.51935429341655
WA,west,100.47368421052632,7,18.145981890209413,19.545810113519106,15.095074224021591,142.23851473164547
WA,west,100.47368421052632,8,18.142473118279554,19.928345227475454,15.043459752321983,125.92060143561847
WA,west,100.47368421052632,9,15.081425438596483,17.068901884340477,12.526098579782795,82.37499698003091
WA,west,100.47368421052632,10,10.314487832484435,12.18996127921985,8.488761692028474,49.138142423624494
WA,west,100.47368421052632,11,6.230372807017542,7.431766917293236,5.3322432294328035,26.25892210440214
WA,west,100.47368421052632,12,4.197757498585178,5.117186169306761,3.5446460980036254,21.74388181171407
WI,none,311.15,1,-8.446276881720426,-7.404006211180123,-9.241563981042649,16.067746037636404
WI,none,311.15,2,-6.248638392857133,-4.909095092024539,-7.510751445086704,23.04367639560373
WI,none,311.15,3,0.0672379032258052,1.5839759036144576,-1.8459726443768996,49.03401295302717
WI,none,311.15,4,7.841090277777781,9.588405963302751,5.158591549295772,86.32442884690452
WI,none,311.15,5,13.129657258064508,14.58046534653464,10.06414225941422,122.8894497392486
WI,none,311.15,6,19.31394444444444,20.823237704918025,16.139224137931038,134.82908579149043
WI,none,311.15,7,21.13262096774193,22.640341365461854,18.08040650406503,140.83042072121074
WI,none,311.15,8,19.956989247311842,21.664789473684234,16.941356877323415,117.65321848201378
WI,none,311.15,9,16.091701388888907,17.99587951807228,13.50077049180328,87.83340538986076
WI,none,311.15,10,8.395577956989243,10.207841823056295,6.573544474393532,57.19610742483191
WI,none,311.15,11,2.215458333333331,3.4871198830409345,1.0649074074074074,32.13311964842908
WI,none,311.15,12,-6.2364448924731075,-5.1073064516129,-7.0429723502304125,19.70816601590685
WV,none,450.6363636363636,1,-0.5966275659824032,0.33539537385691176,-1.3725481415136573,32.53806469963397
WV,none,450.6363636363636,2,1.8922889610389622,3.309738249366733,0.5804376139619694,42.070257404556166
WV,none,450.6363636363636,3,6.790175953079188,8.463886990202777,4.854492753623191,76.85591367339653
WV,none,450.6363636363636,4,12.146843434343433,13.89105917667239,9.648372235872234,100.94229447198919
WV,none,450.6363636363636,5,15.614198435972638,17.45026392961878,12.554089279895729,116.20913902350989
WV,none,450.6363636363636,6,20.552916666666654,22.346437888821967,17.509976166155937,127.74412454003782
WV,none,450.6363636363636,7,22.454264418377264,24.135151515151474,19.652785923753672,128.15138773010148
WV,none,450.6363636363636,8,21.541458944281516,23.242946016455925,18.8927522649172,115.52541859821004
WV,none,450.6363636363636,9,17.92671717171718,20.09254315304947,15.29440559440559,89.438503048461
WV,none,450.6363636363636,10,12.046053274682317,14.136363636363628,9.898786227396588,69.77331270975141
WV,none,450.6363636363636,11,6.471376262626269,8.03144603934077,5.059884559884561,49.47971497105623
WV,none,450.6363636363636,12,1.3368279569892474,2.722371303395398,0.22032215357458224,34.797142050038126
